timestamp,username,ip,workstation,vt_malicious_count
2025-04-20 12:43:27,atman,127.0.0.1,DESKTOP-6MBONC4,0
2025-04-20 15:00:18,atman,127.0.0.1,DESKTOP-6MBONC4,0
2025-05-01 11:43:52,atman,127.0.0.1,windows-10.matrixlab.net,0
2025-05-01 11:47:31,atman,127.0.0.1,windows-10.matrixlab.net,0
2025-05-05 09:56:06,atman,::1,windows-10.matrixlab.net,0
2025-05-05 09:56:07,atman,::1,windows-10.matrixlab.net,0
2025-05-05 09:56:33,atman,::1,windows-10.matrixlab.net,0
2025-05-05 09:57:06,atman,::1,windows-10.matrixlab.net,0
2025-05-05 10:56:01,vhenderson,192.168.0.194,windows-10.matrixlab.net,0
2025-05-05 10:56:01,vhenderson,192.168.0.194,windows-10.matrixlab.net,0
2025-05-05 10:56:01,vhenderson,192.168.0.194,windows-10.matrixlab.net,0
2025-05-05 10:56:01,vhenderson,192.168.0.194,windows-10.matrixlab.net,0
2025-05-05 10:56:01,vhenderson,192.168.0.194,windows-10.matrixlab.net,0
2025-05-05 10:56:01,vhenderson,192.168.0.194,windows-10.matrixlab.net,0
2025-05-05 10:56:02,vhenderson,192.168.0.194,windows-10.matrixlab.net,0
2025-05-05 10:56:02,vhenderson,192.168.0.194,windows-10.matrixlab.net,0
2025-05-05 10:56:02,vhenderson,192.168.0.194,windows-10.matrixlab.net,0
2025-05-05 10:56:02,vhenderson,192.168.0.194,windows-10.matrixlab.net,0
2025-05-05 10:56:02,vhenderson,192.168.0.194,windows-10.matrixlab.net,0
2025-05-05 10:56:02,vhenderson,192.168.0.194,windows-10.matrixlab.net,0
2025-05-05 10:56:03,vhenderson,192.168.0.194,windows-10.matrixlab.net,0
2025-05-05 10:56:03,vhenderson,192.168.0.194,windows-10.matrixlab.net,0
2025-05-05 10:56:03,vhenderson,192.168.0.194,windows-10.matrixlab.net,0
2025-05-05 10:56:03,vhenderson,192.168.0.194,windows-10.matrixlab.net,0
2025-05-05 10:56:03,vhenderson,192.168.0.194,windows-10.matrixlab.net,0
2025-05-05 10:56:04,vhenderson,192.168.0.194,windows-10.matrixlab.net,0
2025-05-05 10:56:04,vhenderson,192.168.0.194,windows-10.matrixlab.net,0
2025-05-05 10:56:04,vhenderson,192.168.0.194,windows-10.matrixlab.net,0
2025-05-05 10:56:04,vhenderson,192.168.0.194,windows-10.matrixlab.net,0
2025-05-05 10:56:05,vhenderson,192.168.0.194,windows-10.matrixlab.net,0
2025-05-05 10:56:05,vhenderson,192.168.0.194,windows-10.matrixlab.net,0
2025-05-05 10:56:05,vhenderson,192.168.0.194,windows-10.matrixlab.net,0
2025-05-05 10:56:05,vhenderson,192.168.0.194,windows-10.matrixlab.net,0
2025-05-05 11:01:04,vhenderson,192.168.0.194,windows-10.matrixlab.net,0
2025-05-05 11:01:04,vhenderson,192.168.0.194,windows-10.matrixlab.net,0
2025-05-05 11:01:04,vhenderson,192.168.0.194,windows-10.matrixlab.net,0
2025-05-05 11:01:04,vhenderson,192.168.0.194,windows-10.matrixlab.net,0
2025-05-05 11:01:04,vhenderson,192.168.0.194,windows-10.matrixlab.net,0
2025-05-05 11:01:04,vhenderson,192.168.0.194,windows-10.matrixlab.net,0
2025-05-05 11:01:05,vhenderson,192.168.0.194,windows-10.matrixlab.net,0
2025-05-05 11:01:05,vhenderson,192.168.0.194,windows-10.matrixlab.net,0
2025-05-05 11:01:05,vhenderson,192.168.0.194,windows-10.matrixlab.net,0
2025-05-05 11:01:05,vhenderson,192.168.0.194,windows-10.matrixlab.net,0
2025-05-05 11:01:05,vhenderson,192.168.0.194,windows-10.matrixlab.net,0
2025-05-05 11:01:05,vhenderson,192.168.0.194,windows-10.matrixlab.net,0
2025-05-05 11:01:06,vhenderson,192.168.0.194,windows-10.matrixlab.net,0
2025-05-05 11:01:06,vhenderson,192.168.0.194,windows-10.matrixlab.net,0
2025-05-05 11:01:06,vhenderson,192.168.0.194,windows-10.matrixlab.net,0
2025-05-05 11:01:06,vhenderson,192.168.0.194,windows-10.matrixlab.net,0
2025-05-05 11:01:07,vhenderson,192.168.0.194,windows-10.matrixlab.net,0
2025-05-05 11:01:07,vhenderson,192.168.0.194,windows-10.matrixlab.net,0
2025-05-05 11:01:07,vhenderson,192.168.0.194,windows-10.matrixlab.net,0
2025-05-05 11:01:07,vhenderson,192.168.0.194,windows-10.matrixlab.net,0
2025-05-05 11:01:08,vhenderson,192.168.0.194,windows-10.matrixlab.net,0
2025-05-05 11:01:08,vhenderson,192.168.0.194,windows-10.matrixlab.net,0
2025-05-05 11:01:08,vhenderson,192.168.0.194,windows-10.matrixlab.net,0
2025-05-05 11:01:08,vhenderson,192.168.0.194,windows-10.matrixlab.net,0
2025-05-05 11:05:18,schen,192.168.0.194,windows-10.matrixlab.net,0
2025-05-05 11:05:18,schen,192.168.0.194,windows-10.matrixlab.net,0
2025-05-05 11:05:18,schen,192.168.0.194,windows-10.matrixlab.net,0
2025-05-05 11:05:18,schen,192.168.0.194,windows-10.matrixlab.net,0
2025-05-05 11:05:18,schen,192.168.0.194,windows-10.matrixlab.net,0
2025-05-05 11:05:18,schen,192.168.0.194,windows-10.matrixlab.net,0
2025-05-05 11:05:19,schen,192.168.0.194,windows-10.matrixlab.net,0
2025-05-05 11:05:19,schen,192.168.0.194,windows-10.matrixlab.net,0
2025-05-05 11:05:19,schen,192.168.0.194,windows-10.matrixlab.net,0
2025-05-05 11:05:19,schen,192.168.0.194,windows-10.matrixlab.net,0
2025-05-05 11:05:19,schen,192.168.0.194,windows-10.matrixlab.net,0
2025-05-05 11:05:19,schen,192.168.0.194,windows-10.matrixlab.net,0
2025-05-05 11:05:20,schen,192.168.0.194,windows-10.matrixlab.net,0
2025-05-05 11:05:20,schen,192.168.0.194,windows-10.matrixlab.net,0
2025-05-05 11:05:20,schen,192.168.0.194,windows-10.matrixlab.net,0
2025-05-05 11:05:20,schen,192.168.0.194,windows-10.matrixlab.net,0
2025-05-05 11:05:21,schen,192.168.0.194,windows-10.matrixlab.net,0
2025-05-05 11:05:21,schen,192.168.0.194,windows-10.matrixlab.net,0
2025-05-05 11:05:21,schen,192.168.0.194,windows-10.matrixlab.net,0
2025-05-05 11:05:21,schen,192.168.0.194,windows-10.matrixlab.net,0
2025-05-05 11:05:21,schen,192.168.0.194,windows-10.matrixlab.net,0
2025-05-05 11:05:22,schen,192.168.0.194,windows-10.matrixlab.net,0
2025-05-05 11:05:22,schen,192.168.0.194,windows-10.matrixlab.net,0
2025-05-05 11:05:22,schen,192.168.0.194,windows-10.matrixlab.net,0
2025-05-05 11:05:22,schen,192.168.0.194,windows-10.matrixlab.net,0
2025-05-05 13:23:24,vhenderson,192.168.0.194,windows-10.matrixlab.net,0
2025-05-05 13:23:24,vhenderson,192.168.0.194,windows-10.matrixlab.net,0
2025-05-05 13:23:24,vhenderson,192.168.0.194,windows-10.matrixlab.net,0
2025-05-05 13:23:24,vhenderson,192.168.0.194,windows-10.matrixlab.net,0
2025-05-05 13:23:25,vhenderson,192.168.0.194,windows-10.matrixlab.net,0
2025-05-05 13:23:25,vhenderson,192.168.0.194,windows-10.matrixlab.net,0
2025-05-05 13:23:25,vhenderson,192.168.0.194,windows-10.matrixlab.net,0
2025-05-05 13:23:25,vhenderson,192.168.0.194,windows-10.matrixlab.net,0
2025-05-05 13:23:25,vhenderson,192.168.0.194,windows-10.matrixlab.net,0
2025-05-05 13:23:26,vhenderson,192.168.0.194,windows-10.matrixlab.net,0
2025-05-05 13:23:26,vhenderson,192.168.0.194,windows-10.matrixlab.net,0
2025-05-05 13:23:26,vhenderson,192.168.0.194,windows-10.matrixlab.net,0
2025-05-05 13:23:27,vhenderson,192.168.0.194,windows-10.matrixlab.net,0
2025-05-05 13:23:27,vhenderson,192.168.0.194,windows-10.matrixlab.net,0
2025-05-05 13:23:27,vhenderson,192.168.0.194,windows-10.matrixlab.net,0
2025-05-05 13:23:27,vhenderson,192.168.0.194,windows-10.matrixlab.net,0
2025-05-05 13:23:27,vhenderson,192.168.0.194,windows-10.matrixlab.net,0
2025-05-05 13:23:28,vhenderson,192.168.0.194,windows-10.matrixlab.net,0
2025-05-05 13:23:28,vhenderson,192.168.0.194,windows-10.matrixlab.net,0
2025-05-05 13:23:28,vhenderson,192.168.0.194,windows-10.matrixlab.net,0
2025-05-05 13:23:28,vhenderson,192.168.0.194,windows-10.matrixlab.net,0
2025-05-05 13:23:28,vhenderson,192.168.0.194,windows-10.matrixlab.net,0
2025-05-05 13:23:29,vhenderson,192.168.0.194,windows-10.matrixlab.net,0
2025-05-05 13:23:29,vhenderson,192.168.0.194,windows-10.matrixlab.net,0
2025-05-05 13:23:29,vhenderson,192.168.0.194,windows-10.matrixlab.net,0
2025-05-05 13:23:29,vhenderson,192.168.0.194,windows-10.matrixlab.net,0
2025-05-05 13:23:29,vhenderson,192.168.0.194,windows-10.matrixlab.net,0
2025-05-26 08:12:54,mthompson,127.0.0.1,windows-10.matrixlab.net,0
2025-05-26 08:13:20,mthompson,127.0.0.1,windows-10.matrixlab.net,0
2025-05-26 11:11:49,matrixlabmthompson,192.168.0.194,windows-10.matrixlab.net,0
2025-05-26 11:21:28,matrixlab/mthompson,192.168.0.194,windows-10.matrixlab.net,0
2025-05-26 11:31:57,mthompson,192.168.0.194,windows-10.matrixlab.net,0
2025-05-26 11:31:57,mthompson,192.168.0.194,windows-10.matrixlab.net,0
2025-05-26 11:31:57,mthompson,192.168.0.194,windows-10.matrixlab.net,0
2025-05-26 11:31:57,mthompson,192.168.0.194,windows-10.matrixlab.net,0
2025-05-26 11:31:57,mthompson,192.168.0.194,windows-10.matrixlab.net,0
2025-05-26 11:31:57,mthompson,192.168.0.194,windows-10.matrixlab.net,0
2025-05-26 11:31:57,mthompson,192.168.0.194,windows-10.matrixlab.net,0
2025-05-26 11:31:58,mthompson,192.168.0.194,windows-10.matrixlab.net,0
2025-05-26 11:31:58,mthompson,192.168.0.194,windows-10.matrixlab.net,0
2025-05-26 11:31:58,mthompson,192.168.0.194,windows-10.matrixlab.net,0
2025-05-26 11:31:58,mthompson,192.168.0.194,windows-10.matrixlab.net,0
2025-05-26 11:31:58,mthompson,192.168.0.194,windows-10.matrixlab.net,0
2025-05-26 11:31:59,mthompson,192.168.0.194,windows-10.matrixlab.net,0
2025-05-26 11:31:59,mthompson,192.168.0.194,windows-10.matrixlab.net,0
2025-05-26 11:31:59,mthompson,192.168.0.194,windows-10.matrixlab.net,0
2025-05-26 11:31:59,mthompson,192.168.0.194,windows-10.matrixlab.net,0
2025-05-26 11:32:00,mthompson,192.168.0.194,windows-10.matrixlab.net,0
2025-05-26 11:32:00,mthompson,192.168.0.194,windows-10.matrixlab.net,0
2025-05-26 11:32:00,mthompson,192.168.0.194,windows-10.matrixlab.net,0
2025-05-26 11:32:01,mthompson,192.168.0.194,windows-10.matrixlab.net,0
2025-05-26 11:32:01,mthompson,192.168.0.194,windows-10.matrixlab.net,0
2025-05-26 11:32:01,mthompson,192.168.0.194,windows-10.matrixlab.net,0
2025-05-26 11:32:01,mthompson,192.168.0.194,windows-10.matrixlab.net,0
2025-05-26 11:32:02,mthompson,192.168.0.194,windows-10.matrixlab.net,0
2025-05-26 11:33:30,MThompson,192.168.0.194,windows-10.matrixlab.net,0
2025-05-26 11:33:31,MThompson,192.168.0.194,windows-10.matrixlab.net,0
2025-05-26 11:33:32,MThompson,192.168.0.194,windows-10.matrixlab.net,0
2025-05-26 11:33:34,MThompson,192.168.0.194,windows-10.matrixlab.net,0
2025-05-26 11:33:35,MThompson,192.168.0.194,windows-10.matrixlab.net,0
2025-05-26 11:33:36,MThompson,192.168.0.194,windows-10.matrixlab.net,0
2025-05-26 11:33:38,MThompson,192.168.0.194,windows-10.matrixlab.net,0
2025-05-26 11:33:39,MThompson,192.168.0.194,windows-10.matrixlab.net,0
2025-05-26 11:33:40,MThompson,192.168.0.194,windows-10.matrixlab.net,0
2025-05-26 11:33:41,MThompson,192.168.0.194,windows-10.matrixlab.net,0
2025-05-26 11:33:43,MThompson,192.168.0.194,windows-10.matrixlab.net,0
2025-05-26 11:33:44,MThompson,192.168.0.194,windows-10.matrixlab.net,0
2025-05-26 11:33:45,MThompson,192.168.0.194,windows-10.matrixlab.net,0
2025-05-26 11:33:46,MThompson,192.168.0.194,windows-10.matrixlab.net,0
2025-05-26 11:33:47,MThompson,192.168.0.194,windows-10.matrixlab.net,0
2025-05-26 11:33:48,MThompson,192.168.0.194,windows-10.matrixlab.net,0
2025-05-26 11:33:49,MThompson,192.168.0.194,windows-10.matrixlab.net,0
2025-05-26 11:33:51,MThompson,192.168.0.194,windows-10.matrixlab.net,0
2025-05-26 11:33:52,MThompson,192.168.0.194,windows-10.matrixlab.net,0
2025-05-26 11:33:54,MThompson,192.168.0.194,windows-10.matrixlab.net,0
2025-06-02 18:37:21,mthompson,192.168.0.194,windows-10.matrixlab.net,0
2025-06-02 18:37:21,mthompson,192.168.0.194,windows-10.matrixlab.net,0
2025-06-02 18:37:21,mthompson,192.168.0.194,windows-10.matrixlab.net,0
2025-06-02 18:37:21,mthompson,192.168.0.194,windows-10.matrixlab.net,0
2025-06-02 18:37:21,mthompson,192.168.0.194,windows-10.matrixlab.net,0
2025-06-02 18:37:21,mthompson,192.168.0.194,windows-10.matrixlab.net,0
2025-06-02 18:37:22,mthompson,192.168.0.194,windows-10.matrixlab.net,0
2025-06-02 18:37:22,mthompson,192.168.0.194,windows-10.matrixlab.net,0
2025-06-02 18:37:22,mthompson,192.168.0.194,windows-10.matrixlab.net,0
2025-06-02 18:37:23,mthompson,192.168.0.194,windows-10.matrixlab.net,0
2025-06-02 18:37:23,mthompson,192.168.0.194,windows-10.matrixlab.net,0
2025-06-02 18:37:23,mthompson,192.168.0.194,windows-10.matrixlab.net,0
2025-06-02 18:37:23,mthompson,192.168.0.194,windows-10.matrixlab.net,0
2025-06-02 18:37:23,mthompson,192.168.0.194,windows-10.matrixlab.net,0
2025-06-02 18:37:23,mthompson,192.168.0.194,windows-10.matrixlab.net,0
2025-06-02 18:37:24,mthompson,192.168.0.194,windows-10.matrixlab.net,0
2025-06-02 18:37:24,mthompson,192.168.0.194,windows-10.matrixlab.net,0
2025-06-02 18:37:24,mthompson,192.168.0.194,windows-10.matrixlab.net,0
2025-06-02 18:37:25,mthompson,192.168.0.194,windows-10.matrixlab.net,0
2025-06-02 18:37:25,mthompson,192.168.0.194,windows-10.matrixlab.net,0
2025-06-02 18:37:25,mthompson,192.168.0.194,windows-10.matrixlab.net,0
2025-06-02 18:37:26,mthompson,192.168.0.194,windows-10.matrixlab.net,0
2025-06-02 18:37:27,mthompson,192.168.0.194,windows-10.matrixlab.net,0
2025-06-02 18:37:28,mthompson,192.168.0.194,windows-10.matrixlab.net,0
2025-06-02 18:37:28,mthompson,192.168.0.194,windows-10.matrixlab.net,0
2025-06-02 18:37:28,mthompson,192.168.0.194,windows-10.matrixlab.net,0
2025-06-02 18:37:29,mthompson,192.168.0.194,windows-10.matrixlab.net,0
2025-06-02 18:37:29,mthompson,192.168.0.194,windows-10.matrixlab.net,0
2025-06-02 18:37:29,mthompson,192.168.0.194,windows-10.matrixlab.net,0
2025-06-02 18:37:29,mthompson,192.168.0.194,windows-10.matrixlab.net,0
2025-06-02 18:37:30,mthompson,192.168.0.194,windows-10.matrixlab.net,0
2025-06-02 18:40:24,mthompson,192.168.0.194,windows-10.matrixlab.net,0
2025-06-02 18:40:24,mthompson,192.168.0.194,windows-10.matrixlab.net,0
2025-06-02 18:40:26,mthompson,192.168.0.194,windows-10.matrixlab.net,0
2025-06-02 18:40:29,mthompson,192.168.0.194,windows-10.matrixlab.net,0
2025-06-02 18:40:30,mthompson,192.168.0.194,windows-10.matrixlab.net,0
2025-06-02 18:40:31,mthompson,192.168.0.194,windows-10.matrixlab.net,0
2025-06-02 18:40:32,mthompson,192.168.0.194,windows-10.matrixlab.net,0
2025-06-02 18:40:36,mthompson,192.168.0.194,windows-10.matrixlab.net,0
2025-06-02 18:40:37,mthompson,192.168.0.194,windows-10.matrixlab.net,0
2025-06-02 18:40:38,mthompson,192.168.0.194,windows-10.matrixlab.net,0
2025-06-02 18:40:39,mthompson,192.168.0.194,windows-10.matrixlab.net,0
2025-06-02 18:40:39,mthompson,192.168.0.194,windows-10.matrixlab.net,0
2025-06-02 18:40:41,mthompson,192.168.0.194,windows-10.matrixlab.net,0
2025-06-02 18:40:41,mthompson,192.168.0.194,windows-10.matrixlab.net,0
2025-06-02 18:40:42,mthompson,192.168.0.194,windows-10.matrixlab.net,0
2025-06-02 18:40:42,mthompson,192.168.0.194,windows-10.matrixlab.net,0
2025-06-02 18:40:42,mthompson,192.168.0.194,windows-10.matrixlab.net,0
2025-06-02 18:40:43,mthompson,192.168.0.194,windows-10.matrixlab.net,0
2025-06-02 18:40:43,mthompson,192.168.0.194,windows-10.matrixlab.net,0
2025-06-02 18:40:44,mthompson,192.168.0.194,windows-10.matrixlab.net,0
2025-06-02 18:40:44,mthompson,192.168.0.194,windows-10.matrixlab.net,0
2025-06-02 18:40:45,mthompson,192.168.0.194,windows-10.matrixlab.net,0
2025-06-02 18:40:45,mthompson,192.168.0.194,windows-10.matrixlab.net,0
2025-06-02 18:40:46,mthompson,192.168.0.194,windows-10.matrixlab.net,0
2025-06-02 18:40:46,mthompson,192.168.0.194,windows-10.matrixlab.net,0
2025-06-02 18:40:47,mthompson,192.168.0.194,windows-10.matrixlab.net,0
2025-06-02 18:40:48,mthompson,192.168.0.194,windows-10.matrixlab.net,0
2025-06-02 18:40:49,mthompson,192.168.0.194,windows-10.matrixlab.net,0
2025-06-02 18:40:49,mthompson,192.168.0.194,windows-10.matrixlab.net,0
2025-06-02 18:40:49,mthompson,192.168.0.194,windows-10.matrixlab.net,0
2025-06-02 18:40:50,mthompson,192.168.0.194,windows-10.matrixlab.net,0
2025-06-02 18:40:51,mthompson,192.168.0.194,windows-10.matrixlab.net,0
2025-06-02 18:40:51,mthompson,192.168.0.194,windows-10.matrixlab.net,0
2025-06-02 18:40:51,mthompson,192.168.0.194,windows-10.matrixlab.net,0
2025-06-02 18:41:58,MThompson,192.168.0.194,windows-10.matrixlab.net,0
2025-06-02 18:41:59,MThompson,192.168.0.194,windows-10.matrixlab.net,0
2025-06-02 18:42:14,MThompson,192.168.0.194,windows-10.matrixlab.net,0
2025-06-02 18:42:14,MThompson,192.168.0.194,windows-10.matrixlab.net,0
2025-06-02 18:42:17,MThompson,192.168.0.194,windows-10.matrixlab.net,0
2025-06-02 18:42:22,MThompson,192.168.0.194,windows-10.matrixlab.net,0
2025-06-02 18:42:27,MThompson,192.168.0.194,windows-10.matrixlab.net,0
2025-06-02 18:42:28,MThompson,192.168.0.194,windows-10.matrixlab.net,0
2025-06-02 18:42:30,MThompson,192.168.0.194,windows-10.matrixlab.net,0
2025-06-02 18:42:32,MThompson,192.168.0.194,windows-10.matrixlab.net,0
2025-06-02 18:42:34,MThompson,192.168.0.194,windows-10.matrixlab.net,0
2025-06-02 18:42:35,MThompson,192.168.0.194,windows-10.matrixlab.net,0
2025-06-02 18:42:37,MThompson,192.168.0.194,windows-10.matrixlab.net,0
2025-06-02 18:42:39,MThompson,192.168.0.194,windows-10.matrixlab.net,0
2025-06-02 18:42:41,MThompson,192.168.0.194,windows-10.matrixlab.net,0
2025-06-02 18:42:43,MThompson,192.168.0.194,windows-10.matrixlab.net,0
2025-06-02 18:42:44,MThompson,192.168.0.194,windows-10.matrixlab.net,0
2025-06-02 18:42:46,MThompson,192.168.0.194,windows-10.matrixlab.net,0
2025-06-02 18:42:51,MThompson,192.168.0.194,windows-10.matrixlab.net,0
2025-06-02 18:42:56,MThompson,192.168.0.194,windows-10.matrixlab.net,0
2025-06-02 18:42:59,MThompson,192.168.0.194,windows-10.matrixlab.net,0
2025-06-11 18:51:07,atman,127.0.0.1,windows-10.matrixlab.net,0
2025-06-21 19:10:25,windows-10#atman,127.0.0.1,windows-10.matrixlab.net,0
2025-07-04 04:53:14,atman,192.168.0.194,windows-10.matrixlab.net,0
2025-07-04 04:53:14,atman,192.168.0.194,windows-10.matrixlab.net,0
2025-07-04 04:53:14,atman,192.168.0.194,windows-10.matrixlab.net,0
2025-07-04 04:53:14,atman,192.168.0.194,windows-10.matrixlab.net,0
2025-07-04 04:53:14,atman,192.168.0.194,windows-10.matrixlab.net,0
2025-07-04 04:53:14,atman,192.168.0.194,windows-10.matrixlab.net,0
2025-07-04 04:53:15,atman,192.168.0.194,windows-10.matrixlab.net,0
2025-07-04 04:53:15,atman,192.168.0.194,windows-10.matrixlab.net,0
2025-07-04 04:53:15,atman,192.168.0.194,windows-10.matrixlab.net,0
2025-07-04 04:53:15,atman,192.168.0.194,windows-10.matrixlab.net,0
2025-07-04 04:53:16,atman,192.168.0.194,windows-10.matrixlab.net,0
2025-07-04 04:53:16,atman,192.168.0.194,windows-10.matrixlab.net,0
2025-07-04 04:53:16,atman,192.168.0.194,windows-10.matrixlab.net,0
2025-07-04 04:53:16,atman,192.168.0.194,windows-10.matrixlab.net,0
2025-07-04 04:53:17,atman,192.168.0.194,windows-10.matrixlab.net,0
2025-07-04 04:53:17,atman,192.168.0.194,windows-10.matrixlab.net,0
2025-07-04 04:53:17,atman,192.168.0.194,windows-10.matrixlab.net,0
2025-07-04 04:53:17,atman,192.168.0.194,windows-10.matrixlab.net,0
2025-07-04 04:53:18,atman,192.168.0.194,windows-10.matrixlab.net,0
2025-07-04 04:53:18,atman,192.168.0.194,windows-10.matrixlab.net,0
2025-07-04 04:53:18,atman,192.168.0.194,windows-10.matrixlab.net,0
2025-07-04 04:53:18,atman,192.168.0.194,windows-10.matrixlab.net,0
2025-07-04 04:53:19,atman,192.168.0.194,windows-10.matrixlab.net,0
2025-07-05 19:42:39,vhenderson,127.0.0.1,windows-10.matrixlab.net,0
2025-07-05 19:46:38,vhenderson,192.168.0.194,windows-10.matrixlab.net,0
2025-07-05 19:46:38,vhenderson,192.168.0.194,windows-10.matrixlab.net,0
2025-07-05 19:46:39,vhenderson,192.168.0.194,windows-10.matrixlab.net,0
2025-07-05 19:46:39,vhenderson,192.168.0.194,windows-10.matrixlab.net,0
2025-07-05 19:46:39,vhenderson,192.168.0.194,windows-10.matrixlab.net,0
2025-07-05 19:46:40,vhenderson,192.168.0.194,windows-10.matrixlab.net,0
2025-07-05 19:46:40,vhenderson,192.168.0.194,windows-10.matrixlab.net,0
2025-07-05 19:46:40,vhenderson,192.168.0.194,windows-10.matrixlab.net,0
2025-07-05 19:46:41,vhenderson,192.168.0.194,windows-10.matrixlab.net,0
2025-07-05 19:46:42,vhenderson,192.168.0.194,windows-10.matrixlab.net,0
2025-07-05 19:46:42,vhenderson,192.168.0.194,windows-10.matrixlab.net,0
2025-07-05 19:46:42,vhenderson,192.168.0.194,windows-10.matrixlab.net,0
2025-07-05 19:46:43,vhenderson,192.168.0.194,windows-10.matrixlab.net,0
2025-07-05 19:46:43,vhenderson,192.168.0.194,windows-10.matrixlab.net,0
2025-07-05 19:46:43,vhenderson,192.168.0.194,windows-10.matrixlab.net,0
2025-07-05 19:46:43,vhenderson,192.168.0.194,windows-10.matrixlab.net,0
2025-07-05 19:46:44,vhenderson,192.168.0.194,windows-10.matrixlab.net,0
2025-07-05 19:46:44,vhenderson,192.168.0.194,windows-10.matrixlab.net,0
2025-07-05 19:46:44,vhenderson,192.168.0.194,windows-10.matrixlab.net,0
2025-07-05 19:46:45,vhenderson,192.168.0.194,windows-10.matrixlab.net,0
2025-07-05 19:46:45,vhenderson,192.168.0.194,windows-10.matrixlab.net,0
2025-07-05 19:46:45,vhenderson,192.168.0.194,windows-10.matrixlab.net,0
2025-07-05 19:46:46,vhenderson,192.168.0.194,windows-10.matrixlab.net,0
2025-07-05 19:46:46,vhenderson,192.168.0.194,windows-10.matrixlab.net,0
2025-07-05 19:46:46,vhenderson,192.168.0.194,windows-10.matrixlab.net,0
2025-07-05 19:46:46,vhenderson,192.168.0.194,windows-10.matrixlab.net,0
2025-07-05 19:46:46,vhenderson,192.168.0.194,windows-10.matrixlab.net,0
2025-07-05 19:46:47,vhenderson,192.168.0.194,windows-10.matrixlab.net,0
2025-07-05 19:46:47,vhenderson,192.168.0.194,windows-10.matrixlab.net,0
2025-07-05 19:46:47,vhenderson,192.168.0.194,windows-10.matrixlab.net,0
2025-07-05 19:46:47,vhenderson,192.168.0.194,windows-10.matrixlab.net,0
2025-07-05 19:47:27,atman,::1,windows-10.matrixlab.net,0
2025-07-05 19:47:28,atman,::1,windows-10.matrixlab.net,0
2025-07-05 19:47:46,atman,::1,windows-10.matrixlab.net,0
2025-07-05 20:00:54,atman,::1,windows-10.matrixlab.net,0
2025-07-05 20:03:28,atman,::1,windows-10.matrixlab.net,0
2025-07-14 18:23:21,vhenderson,192.168.0.194,windows-10.matrixlab.net,0
2025-07-14 18:23:21,vhenderson,192.168.0.194,windows-10.matrixlab.net,0
2025-07-14 18:23:21,vhenderson,192.168.0.194,windows-10.matrixlab.net,0
2025-07-14 18:23:21,vhenderson,192.168.0.194,windows-10.matrixlab.net,0
2025-07-14 18:23:21,vhenderson,192.168.0.194,windows-10.matrixlab.net,0
2025-07-14 18:23:22,vhenderson,192.168.0.194,windows-10.matrixlab.net,0
2025-07-14 18:23:23,vhenderson,192.168.0.194,windows-10.matrixlab.net,0
2025-07-14 18:23:24,vhenderson,192.168.0.194,windows-10.matrixlab.net,0
2025-07-14 18:23:25,vhenderson,192.168.0.194,windows-10.matrixlab.net,0
2025-07-14 18:23:26,vhenderson,192.168.0.194,windows-10.matrixlab.net,0
2025-07-14 18:23:27,vhenderson,192.168.0.194,windows-10.matrixlab.net,0
2025-07-14 18:23:28,vhenderson,192.168.0.194,windows-10.matrixlab.net,0
2025-07-14 18:23:29,vhenderson,192.168.0.194,windows-10.matrixlab.net,0
2025-07-14 18:23:30,vhenderson,192.168.0.194,windows-10.matrixlab.net,0
2025-07-14 18:23:31,vhenderson,192.168.0.194,windows-10.matrixlab.net,0
2025-07-14 18:23:32,vhenderson,192.168.0.194,windows-10.matrixlab.net,0
2025-07-14 18:23:33,vhenderson,192.168.0.194,windows-10.matrixlab.net,0
2025-07-14 18:23:34,vhenderson,192.168.0.194,windows-10.matrixlab.net,0
2025-07-14 18:23:36,vhenderson,192.168.0.194,windows-10.matrixlab.net,0
2025-07-14 18:23:37,vhenderson,192.168.0.194,windows-10.matrixlab.net,0
2025-07-14 18:23:38,vhenderson,192.168.0.194,windows-10.matrixlab.net,0
2025-07-14 18:23:39,vhenderson,192.168.0.194,windows-10.matrixlab.net,0
2025-07-14 18:23:40,vhenderson,192.168.0.194,windows-10.matrixlab.net,0
2025-07-14 18:23:41,vhenderson,192.168.0.194,windows-10.matrixlab.net,0
2025-07-14 18:23:42,vhenderson,192.168.0.194,windows-10.matrixlab.net,0
